{
  "connector.class": "io.confluent.connect.elasticsearch.ElasticsearchSinkConnector",
  "topics.regex": "mysql\\.inventory\\.(.*)",
  "table.name.format": "${topic}",
  "connection.url": "http://elasticsearch:9200",
  "key.ignore": "true",
  "schema.ignore": "false",
  "type.name": "_doc",
  "key.converter": "org.apache.kafka.connect.storage.StringConverter",
  "value.converter": "io.confluent.connect.avro.AvroConverter",
  "value.converter.schemas.enable" : "true",
  "value.converter.schema.registry.url": "http://schema-registry:8081",
  "behavior.on.malformed.documents": "warn",

  "transforms" : "InsertMessageTime,ConvertTimeValue,GeoPoint,ChangeTopic",

  "transforms.InsertMessageTime.type" : "org.apache.kafka.connect.transforms.InsertField$Value",
  "transforms.InsertMessageTime.timestamp.field" : "timestamp",

  "transforms.ConvertTimeValue.type" : "org.apache.kafka.connect.transforms.TimestampConverter$Value",
  "transforms.ConvertTimeValue.target.type" : "Timestamp",
  "transforms.ConvertTimeValue.field" : "timestamp",
  "transforms.ConvertTimeValue.format" : "yyyy-MM-dd HH:mm:ss",

  "transforms.GeoPoint.type" : "com.medtronic.poc.connect.smt.MakeGeoPoint$Value",
  "transforms.GeoPoint.field.name" : "GEO_POINT",

  "transforms.ChangeTopic.type" : "org.apache.kafka.connect.transforms.RegexRouter",  
  "transforms.ChangeTopic.regex" : "(.*)", 
  "transforms.ChangeTopic.replacement" : "h_$1" 
}
