{
    "connector.class": "io.confluent.connect.jdbc.JdbcSourceConnector",
    "dialect.name" : "MySqlDatabaseDialect",
    "tasks.max": "1",
    "connection.url": "jdbc:mysql://mysql:3306/EDS?user=root&password=debezium&useSSL=false",
    "quote.sql.identifiers": "never",
    "quote.database.names": "never",
    "quote.table.names": "never",
    "quote.column.names": "never",

    "topic.prefix": "cp4-",
    "poll.interval.ms" : 6000,
    "mode":"timestamp",
    "table.whitelist" : "EDS.from_customers",
    "timestamp.column.name": "update_ts",
    "validate.non.null": false,
    "mode":"timestamp",

    "key.converter": "org.apache.kafka.connect.converters.ByteArrayConverter",

    "transforms":"createKey,extractUuid",
    "transforms.createKey.type":"org.apache.kafka.connect.transforms.ValueToKey",
    "transforms.createKey.fields":"id",
    "transforms.extractUuid.type":"org.apache.kafka.connect.transforms.ExtractField$Key",
    "transforms.extractUuid.field":"id"

}
