{
    "connector.class": "io.confluent.connect.jdbc.JdbcSourceConnector",
    "dialect.name" : "OracleDatabaseDialect",
    "tasks.max": "1",
    "connection.url": "jdbc:oracle:thin:@oracle:1521/MES",
    "connection.user" : "SDS_MAIN",
    "connection.password" : "SDS_MAIN_PASS",

    "_quote.sql.identifiers": "never",
    "_quote.database.names": "never",
    "_quote.table.names": "never",
    "_quote.column.names": "never",

    "topic.prefix": "SDS_MAIN.",

    "schema.pattern": "SDS_MAIN",

    "poll.interval.ms" : 10000,
    "mode":"bulk",
    "_mode":"timestamp",
    "timestamp.column.name": "UPD_TS",
    "table.whitelist" : "SDS_MAIN.SDS_EDS_SOURCE",
    "_table.whitelist" : "SDS_MAIN.SDS_EDS_SOURCE,SDS_MAIN.SDS_EDS_REF_VAL,SDS_MAIN.SDS_EDS_REF_VAL_RLSHP,SDS_MAIN.SDS_EDS_REF_VAL_RLSHP_TYP",
    "validate.non.null": false,

    "key.converter": "io.confluent.connect.avro.AvroConverter",
    "key.converter.schema.registry.url": "http://schema-registry:8081",
    "value.converter": "io.confluent.connect.avro.AvroConverter",
    "value.converter.schema.registry.url": "http://schema-registry:8081",

    "_key.converter": "org.apache.kafka.connect.converters.ByteArrayConverter",
    "key.serializer": "io.confluent.kafka.serializers.KafkaAvroSerializer",
    "value.serializer": "io.confluent.kafka.serializers.KafkaAvroSerializer",


    "transforms":"createKey",

    "transforms.createKey.type":"org.apache.kafka.connect.transforms.ValueToKey",
    "transforms.createKey.fields":"id",

    "transforms.extractUuid.type":"org.apache.kafka.connect.transforms.ExtractField$Key",
    "transforms.extractUuid.field":"id"

}
